{"beta": 0.01020539261499451, "beta_change": 0.4515209294310988, "beta_day": 59.78955175956938, "pop_infected": 4879.21464796664, "symp_test": 92.45440633392468}