{"beta": 0.013835146605280195, "beta_change": 0.3026922524992369, "beta_day": 36.949072846645066, "pop_infected": 9507.410227244167, "symp_test": 71.34606252617515}