{"beta": 0.0189069745167814, "beta_change": 0.20077325234915092, "beta_day": 32.953802684728906, "pop_infected": 8625.082556874659, "symp_test": 52.296761462846256}