{"beta": 0.015650360718464016, "beta_change": 0.21500148852770232, "beta_day": 26.720059902545113, "pop_infected": 9944.663875713408, "symp_test": 46.49366584543025}