{"beta": 0.01588701047281293, "beta_change": 0.41769040115885026, "beta_day": 29.37326357565714, "pop_infected": 2720.4238647820207, "symp_test": 28.9339934310134}