{"beta": 0.009478943917608989, "beta_change": 0.40191562737370723, "beta_day": 47.70605467545183, "pop_infected": 9295.76145004552, "symp_test": 17.019987248123645}