{"beta": 0.011861074625212145, "beta_change": 0.40650441121289516, "beta_day": 35.42824878004764, "pop_infected": 9611.082704992636, "symp_test": 32.44754251194307}