{"beta": 0.017027206491789723, "beta_change": 0.2575664608481232, "beta_day": 22.774343821383486, "pop_infected": 43762.55726619524, "symp_test": 49.367303635973016}