{"beta": 0.010471739491761133, "beta_change": 0.4698405249879232, "beta_day": 35.83721054826628, "pop_infected": 26651.445761803938, "symp_test": 70.27342437558967}