{"beta": 0.013385352672538257, "beta_change": 0.5093113835519307, "beta_day": 5.005814199119544, "pop_infected": 34956.54573947622, "symp_test": 34.06500211644441}