{"beta": 0.014282904311681725, "beta_change": 0.24925904270271756, "beta_day": 25.941463880019242, "pop_infected": 14992.11819530231, "symp_test": 47.47157797521479}