{"beta": 0.00964541086785806, "beta_change": 0.40883867606229474, "beta_day": 52.21845340746384, "pop_infected": 7242.687849989837, "symp_test": 17.198228703881806}