{"beta": 0.012177320656829685, "beta_change": 0.32106905812570485, "beta_day": 45.24057262165652, "pop_infected": 4118.0087796301095, "symp_test": 31.77486743641283}