{"beta": 0.018617208400515912, "beta_change": 0.23381248713033245, "beta_day": 22.973409195892287, "pop_infected": 32895.45855222355, "symp_test": 52.73745581592698}