{"beta": 0.012112397043570425, "beta_change": 0.44575680290458336, "beta_day": 29.077820749111083, "pop_infected": 5677.711951419807, "symp_test": 21.503430245838963}