{"beta": 0.01582039985121091, "beta_change": 0.38025321516885024, "beta_day": 28.14913437331217, "pop_infected": 4465.4043476746665, "symp_test": 28.685665663149138}