{"beta": 0.011723886961419308, "beta_change": 0.4787288737678355, "beta_day": 26.212500398484174, "pop_infected": 17686.227397430852, "symp_test": 43.263933781428406}