{"beta": 0.014862820384343207, "beta_change": 0.27568454475904536, "beta_day": 23.326243426949453, "pop_infected": 14272.53599773049, "symp_test": 43.9060640029674}