{"beta": 0.01307715452061803, "beta_change": 0.4572818983533645, "beta_day": 30.688070202103212, "pop_infected": 4076.6795821616383, "symp_test": 26.701268495480914}