{"beta": 0.011744492690510436, "beta_change": 0.43955313707851185, "beta_day": 30.984894038794465, "pop_infected": 23039.386254779256, "symp_test": 96.92711233205712}