{"beta": 0.01997053229619165, "beta_change": 0.23046269391629992, "beta_day": 21.215378148360887, "pop_infected": 31311.976305977038, "symp_test": 39.58633439000573}