{"beta": 0.008242191026277514, "beta_change": 0.8829999880074942, "beta_day": 13.626548367538705, "pop_infected": 17515.680432532914, "symp_test": 34.736033187887806}