{"beta": 0.012156277783963939, "beta_change": 0.5328976437272354, "beta_day": 29.583036339464194, "pop_infected": 9178.207222149213, "symp_test": 29.077972507672985}