{"beta": 0.011476612789031575, "beta_change": 0.5934138205916623, "beta_day": 31.609237259921443, "pop_infected": 7118.796599579111, "symp_test": 33.90082093338466}