{"beta": 0.010695588802285987, "beta_change": 0.3807333214915535, "beta_day": 31.75828861918701, "pop_infected": 28777.606064691714, "symp_test": 122.06913565614451}